Tweet index	Label	Tweet text
1	-1	@Nelly_Fox @Makarenca Moj tud včasih čez dan to dela. Po eni uri ga ven vzamam in rečem ok, ne boš spal, ampak to bo potem tvoj problem.
2	-1	Dej mi švoh pet dek salame! Kolk? Švoh pet dek! Ka je dek? Kaj je švoh? Slabih petdeset gramov! Kaj je slabih? Solit se pojd! Adijo! Adijo.
3	-1	@PureDestiny @chatek Nene, headline januarja, 23 eur. Itak je odvisn od dvorane pa to, sam par eur manj bi ble pa lohk...
4	-1	Toj res čudn, an. Prejšnji twit. Že mam idejo za napis na majici. Poj bom pa vsakmu pokazal napis na seb, pa naj se mal zamisljo.
5	-1	Fakt št. 1: Skor sm zgubila glavo na tekočih stopnicah, ker sm oprezala za enim tipom. Fakt št. 2: V torbici nosim cedevito. #normalday
6	-1	"Navdušen klic mame. ""Romina, na @Val202 bodo dns ob petih govoril o tem, k pravš, da maš tud ti. Neki z barvami."" Sinestezija? ""Ja!"" Jao :)"
7	-1	Tist, k ste vsak dan kidal sneg... pa pol, ko je bil dež in mraz in ste skos jokal na TW. No, to. Zdej pa nehite jamrat nad TEM vremenom!
8	-1	@Selestenje pomoje mal odvisn tud od noge. Men prej pr stran grejo, k pa zadi. Nasploh vsi čevlji :) @NinaGray_ @gromska_strela @Gcerne_
9	-1	Da ne bo kdo preveč resno jemal to z možgani: The popular left/right story has no solid basis in science. http://t.co/UO1wkFg1eA
10	-1	@smolnikar vau, vse so nama uničl... čist... vse. Ne vem, kaj je fora, res ne. :-( Dejansko je en uporabu vsaj štiri C4 za to...
11	-1	Sej je že prou... pa si rekla, da bom lahko še eno kost glodala, če bom pridna... pha, boš že vidla... :) #Meggie http://t.co/96K5YqvGx6
12	-1	Tole je blo se ene 2h nazaj u avajonu, zdej pa ze v hotelu. Odfuk od otoka. Noro:) #vacation #madeira http://t.co/HQkkcc2dMj
13	-1	@BorutKirar Jap, to je blo tud čudovito. Sej mislm, da bo sklep te debate, da nekdo ni dobr premislu, preden so zaprl Slovensko.
14	-1	Jst bi tud najdu kovanec, vreden veliko denarja. Kje je drgač sploh logika? Gor piše neki, vrednost pa veliko večja. Težave modernega sveta.
15	-1	@tejchab Hihi :) No, sej sej, jst tud, ampak za tisto urico si dovolim skoči na hrib. Telefon, mail in te zadeve imam itak na sebi.
16	-1	@GobaFunk @Chuppacadabra @leaathenatabako @ales_gantar včasih sva si sledila na TW, pa je tip vse preveč sral po TL, sem ga odsledil.
17	-1	Ku se pa celotna generacija strinja, da je bil test totalno debiln, se je pa tut mau za zamislt. Ric does it again. #matura
18	-1	"Kakšno zgražanje zaradi ""nepreprič.in sploš"" odg.AB; da ""smo"" izvolili PV, ki v celi kampaniji ni dal enega konkr.odg., nikogar ne moti!"
19	-1	Hm. Al se on to poskuša zvlečt ven iz dogovora, al me opozarja, da ne bo baš enostavno, al pa kaj??? Bemti, moški, pa smo me kao skrivnostne.
20	-1	@leaathenatabako Evo, poznavalke. Ne morš mim stroke. Strokovno sem se zajokala od smeha, ko so sfušal: give me hope joanna! Hahaha.
21	-1	@mcvelbar @EffeV @CuisineSkaza Lej, ni druge, kot, da jo unfollowamo vsi, če bo še naprej tok nesramna... P.s.Jst bi raj unga ta temnega.
22	-1	Tviter mi je vedno manj pri srcu. Najprej modre črte, zdej mi interactions ne folgajo, app ima krizo identitete in ne prikzuje fotk...
23	-1	Dobra debata o #time4popcorn, nad ktero idejo sem kr navdušen. Vedno je dobr poznat tud širši kontekst. http://t.co/vGSh1ktqpE
24	-1	Ne razumem, od kje ima OCC na disovery-ju tak rating, da ga že 10 let predvajajo. Waste of time, isti motorji, ista osnova, druge barve...
25	-1	"Sm mislu, daj to tko k s kolesi. Pač uzameš... ""@freeeky: Ima kdo kaksno marelo od poslovnega partnerja odvec? #marelaless"""
26	-1	Tud macki so po lastnikih. K rai se tko igra, da lezi na istem mestu, pa zamahne s tacko sam takrt, ko igraca pride cist do njega #lenoba
27	-1	Tole pa dons cel dan na repeat. We are snowflakes, kaj pa druzga. Poslušte, če se vam da, dobr je. Bratušek ingliš. http://t.co/TwWN5uOGNp
28	-1	Če bi lahko na svetu spremenil eno stvar, kaj bi to bilo? — budale bi pobila... sam pol bi blo pou mn populacije http://t.co/CC3RMBjnB5
29	-1	"'Sm študiru, če bi štumfe ubu, pa sem reku, mah, boli me! "" #qotd Ja! Ker krokse furat brez nogavic pa ni #slabo #facepalm"
30	-1	Setamo po Lj in pride Zoki mim, se ustavi pa da Emanuelu petko. Tamalmu nc jasn. Recem, to je Zoki kralj, in se tamal zadere: Zoki kralj! :)
31	-1	@p_zoran nope. To se sliši extremistično in pogumno. Za turizem ne rabiš poguma. ;) @KatjaSeruga @RokSrakar @petrasovdat @tejcos
32	-1	Dobr no, kakšna je to debilana z iCloud drivom na iPadu in iPhonu? Deluje samo preko appov, ni pa native appa za gledat dokumente in fotke?
33	-1	Omg, the tekočo sezono the Walking dead lahko na TV - ju gledam ali naročnina za TV je dejansko uporabna :) #fox #ogledzanaj
34	-1	Ne vem, kaj je novinarjem-PR službe ministrstev @vladaRS pa res ne morejo delat čez vikend. PR-ovci min.za zdravje delajo na urgenci UKC :)
35	-1	Un moment, ko se starši spet začnejo obnašat, kokr da si star 16, ti pa ugotoviš, da je skrajn cajt, da pičiš nazaj v Lublano.
36	-1	Js popizdevam sam nad enim svojim ucencem in enkrat na tri tedne se ful derm nanga, naj omenim, da je zan gluh in se mi potem vsi smejijo
37	-1	@Komanovmulc Haha, ka pa je squash, pa vem. 😅 in to ni to, kar je na slikah. Pocesaj jih vsako jutro. Pa trivremenski taft si kupi. 😅
38	-1	Ne, ne cenm tega, da že dva dni zapored dopoldne nimamo vode in da nas o tem nihče ni obvestil. Tolk o jutranjem umivanju glave&amp;all.
39	-1	@nad_bogom @ManicaAmbrozic aha. Pol mi pa povej, kaj dela oz o cem odloca evropski svet, o cem EK in o cem evr parlament. Kdo je glavni?
40	-1	@Katjusa12 @iCinober @NeuroVirtu Lohk, da je tud ta piranski. LDS je tko al tko pol Pirana pokupil v zlati dobi vladanja in kraje.
41	-1	A greva milkshake narest tko kt v filmu Ghost, sam da sta onadva glinen pepelnik delala, midva bova pa milkshake. Crazy shit I say :P
42	-1	@MasaButara @smurnik Sploh nisem vidla vajini replyjev včeraj. U, ja, night club. :) Js razmišljam, da bi šla še laufat zdejle. Je še zgodi.
43	-1	@DC43 LOL. Ti si prerokinja :) Danes je PV Bratušek že moledovala, naj se mu vendarle da priložnost. Še par dni in bo pozabljen(o).
44	-1	@miklavzg @Viber heh, vecina moje komunikacije je preko vibra. Ociten + so seveda klici, ko si v tujini. Whatsapp tud uporabljam.
45	-1	Iz domobranske stranke, morjo vsi tolk otresat zató, da bo kahuna uspel na vse naprave 8 naloadat, preden ga pospravijo nazaj v celico?
46	-1	Glede na to, da sva že true #Philippines izvedenca, je čas za nov #askJP trenutek. Če koga kej zanima- shoot or forever be quiet (sejneno)
47	-1	@Pika_So @leaathenatabako @PeterSvetina @edvardkadic @t_celestina @Maxova68 Ne smeš tolk vlečt. Pol te pogruntajo. Da sediš na fotelju. ;)))
48	-1	@humercab :D ženim bratranc me je navadu. Pa ne tist športnik. Tadrug. Drugač jaz za to ne rabim pijače, sem lost case :)
49	-1	@markopahor Dejva kar datum določit, kaj praviš? Zate vem, da maš zihr že celo 2014 splanirano, tko da to ne bo problem :D
50	-1	@StellarGirl_ hahaha :)) Brala trače in to. Take bedarije si zapomnim, kej pomembnega tk ne. Evo: http://t.co/Uum2xLr9Xf
51	-1	V eni uri shoppinga sem od prodajalka in prodajalcev nabrala: love, sweetheart, hun, darling in doll. Oh, you British peeps!
52	-1	@AljosaNovakovic hehe, verjetno izurjeni vinjetnik. Ampak brisalce dajo tud, pa ne vem, če moreš prej šipo razbit al ne :-)
53	-1	@oggctopus ah, I wish! ta faksič je pa tko funkylicious :) Glede na trenutno smer bi mogla ful preveč dif.nardit. Next time, I guess.
54	-1	"@JozeBiscak @Fall_over @SpelaVovk ker to iz Velenja twetta Pahorjeva PR, me zanima, če tudi ""precednik"" navija za Predina?"
55	-1	@Orleanska1 @BanicGregor @BernardBrscic @SebastjanErlah @nmusar Kakšno zvezo ima, če ni dr.? AB nas žali že dolgo, pa je le psevdo mag.
56	-1	Sem že videl par bedakov na TW, ampak https://t.co/SNN866YS8U in njegovi komentarji o #Gaza beat all of them https://t.co/Edg9oUduRZ...
57	-1	@smerkolina Ja, bi mogla tud jst naletet na dobrega :) ampak ima res ogromno folka sfaljenega (ne ostri do 2.8). Je, kar je.
58	-1	Spomenike krast. hahahaha, sam smo res vukojebina. tist, k te prešine, predno zaspiš. kateri je naslednji? un z odprtim gobcem je res nagravžen!
59	-1	Naša @UMEK_1605 in @djmikevale sta spet nominirana za IDMA nagrado. Dejte bit kul in podpret (tech house DJ in track) http://t.co/KKuP2RZ7lU
60	-1	@murekar Poslediza okamenelega terga nepremizhnin, ne vsrok. Ştarzi bodo prodali/dali v'najem, ko drugi ne bodo plazhevali sa njihove hishe.
61	-1	@EffeV zdravilo postane le, če si še pir zravn na klopci odpreš. Sam ga morš hiter spit, ker drgač zavre v strup pr tejle savni.
62	-1	@pikicavelika tud jst! Celo pot iz Ce do Lj sem pritiskala Refresh, pa mi je skoz kazal enga neprebranga. Ustrelila sem skor tlf.
63	-1	@JorgPETROVIC @JJansaSDS Troika, troika ueber alles... Ma ja, kdo bo sedaj kriv, Desusuvec že joče... A je zopet JJ kriv, takole za zapahi?
64	-1	Soči, olimpijske igre z droni etc. Šport, adijo... new surveillance standard at Sochi (background checks, drones) http://t.co/uBR3z9NpSX
65	-1	Higschool reunion, po naključju v pubu špila Vili Resnik. Prvi komad'ti, ti, ti, ti, moja rožica'. Prej mij blo vseen, zj ga ne maram!
66	-1	Rečeš bosancu, naj gre vrata prprt. On gre do vrat in stoji pred njimi. Majstr ga vprasa, kaj dela. On pravi, znam, ka su vrata, a sta je prpr?
67	-1	@NinoDjordje Crazy shit is crazy. Najbrž bi še Mugabeja podpirali, če bi se lahko s tem usrali na glavo nekomu, ki jim ne liže jajc.
68	-1	Cimra ima navado po prekrokani noči cel dan poslušat Nirvanin- Where did you sleep last night, js pa po novem: https://t.co/hiYqTpo43F
69	-1	@PrimozArtac @NeuroVirtu @DELO_TW Od vročine še twitter pregoreva :-) Janez Zeljarič, hehe. Zemljariču se tako kolca, da mu proteza skače...
70	-1	Ta twitterju se sploh ne znam drugače smejat kot he he. Ha ha preveč navaden, hi hi je za pusije, ho ho za dedka Mraza. Hu? Eh, dejto no :P
71	-1	Veš, kaj bi morala nardit premierka? S falconom bi se morala peljat k onemu, ki nas duši z obrestmi, in bi mu morala rečt: it iz over forged it
72	-1	Najprej teži, da nč ne jem, pol k sm lačna, pa reče, da nej si nardim popečeno zelenjavo. YOU'RE NOT MAKING ANY SENSE HERE.
73	-1	Fantje iz VSO bi se malo zabavali (po vzoru na civil war re-enactment), vi se pa razburjate. Saj niti orožja nimajo. Aja, čak mal...
74	-1	Gledu Gravity. Prežvečen plot in dialogi. Je pa feeling spacea top. Če že, gledat 3D. Also, končno se skor prov NE sliš explozij/collisnov.
75	-1	Nevem, da ni @RomanLeljak -adobla udba v kremplje? Že nekaj dni ne čivka. Kaj mislite? Bi blo treba tiralico? #samvprašam
76	-1	Njoki s polži in ramsteak od boškarina. #zenon #brtonigla #istra #croatia @ ZENON konoba &amp; enoteka http://t.co/Gnv33OyOX2
77	-1	"Na kongresu PS po tisočletjih padel latinski nomen est omen. #negativci Za tiste, ki to razumete kot podporo AB: ne, bila je ""ništa osobito"""
78	-1	@ninnchy Aja... Sm mislil, da bo to tematska poroka. :) Če bi vaju filana paprika združila, bi se to tudi spodobilo. :) @antares_91
79	-1	Ko se furam v avtu in rabim filing, pride tale vedno zelo prav. http://t.co/bWyakR1WJO Jp, west coast gangsta shit je vedno inspiracija.
80	-1	Ob takšnem volilnem telesu je jasno vsaj eno- Alenka lahko mirno spi. (Dej vil nevr get it sou ši hez ol d tajm in d vorld press)
81	-1	@th0r ne uspe. Ikonca se mi je odkrušila desno zgoraj pri kljunčku od tviterja. Se bojim, da bo odkrušek poškodoval ikonco od Facebooka.
82	-1	"Proud to be the @Simobil “Ambasador”: http://t.co/fcsL4flkQq ""Gotovo smo bili že večkrat v stikih na našem FB ali TW"" http://t.co/8zYv9fMyVc"
83	-1	Bedene v 3. krog Mastersa v Miamiju! http://t.co/jB4oVaoBrF Wow, bravo!! Heh, ko smo bili pamži pri Benču, je pa samo pimplal :)
84	-1	Ne vem, a sam zarad prvega izkustva 3dfilma, ampak #GuardiansOfTheGalaxy je odlicen film. Priporocam! (No, pa dobra druzba tud sede ;-)
85	-1	Prsli Japonci do recepcije in mi prnesli ruto, da bi decka s piscalko obleku. Sm jim reku, da ne maram sushija. #cudnanedelja
86	-1	Like slut day za @HRUPmag Šeramo, invajtamo in lajkamo, ker so res najjači domači glasbeni portal. http://t.co/G0OOFTAqaH
87	-1	@matjazwinkler Ne vem. Sej lahko, da misliva različne zadeve:) Ampak pomojem da ne. Lahko pa tud, kaj pa vem, ko se na svetu tolk dogaja:)
88	-1	@tyschew kva je to, hahaha? Tko k da bi se na kavi dobila in bi mi reku, da je bil un tvit zadnč ful smešn! RT al pa fav modele! Smej se sam!
89	-1	Dobr, da sm na Jesenicah, ker tole, kr pišete o dogajanju v Celju... Bi biu moj tv dons že čez balkon. #junaki #EuroBasket2013
90	-1	Gledam ta sprint in se spovnem na zlati bron petre majdic. Dokler sm ziv, nebom pozabu. Clo jokal sem od srece #TvitamZaNase
91	-1	@mmiha2 Dvakrat je napisala'vstane'. :) @ErikaPlaninsec Na cenik se js nikol ne oziram. Ko se grem zabavat, se ne obremenjujem z ničemer.
92	-1	@Tusarka A bi blo bolš, če si pustita lase na eni strani pa si pol lase češta na drugo stran v prečko? Plešavost pa ja ni politično dejanje?
93	-1	Do I really need a salad spinner in my life? Lej, ne vem. Je pa kul, pa od sebe daje tak zvok k TARDIS, predn odleti. #happyvegetarian 🌱
94	-1	@spirulinka9 Aja, brezveze. Jst sem danes pil kofein na avtocesti, bolj optimalno. Na morju jem samo zajtrk... Tam kofeina ne rabiš. :)
95	-1	Kdo bi si mislu.. Bravo, Risi! Neverjetn, kaka igra, sploh ne morem verjet :)) #icehockey #risi #slochi @TeamSlovenia #TvitajmoZaNase
96	-1	Un šmrkavi intern-bankir je mel vsaj za 2k obleko in orng plačo, jaz rintam skor isto cajta za pest kovancev... pa ga objokuj.
97	-1	@LazarjevPolzek Niti me ne zebe. Glava me boli, utrujen sem, poln kufr mam vsega itd. Zaril bi obraz v lase, zaspal al pa kej druzga...
98	-1	A veš, tist filing, ko se zaveš, da maš samo še en teden počitnic, potem pa back to reality? No, to. Kr mal me stisne :(
99	-1	@matjaz_jansa OK, I got the idea. Brat @PortalPolitikis je sicer še huje kot guglat nepismene neologizme. @petrasovdat @Libertarec @Andr3jaL
100	-1	"Kuj k rečeš ""bang for a buck"" za kšno z velik dobrih lastnosti, veš, da se je slišal narobe. Še dobr, da si to reku ""na notr"" ni ne v ekran :)"
101	-1	Tipi nej bi ženskam vse plačval, ker drgač kao ne izpadejo moško, a po drugi strani ženska izpade keš pička, če pusti tipu, da ji vse plačuje.
102	-1	@SuperIvica @polona95 Ne skrb, Ivice, ji ne bomo nč povedle :) Sam zanč je stikala neki okul tvojga bloka. Pa sm ji rekla, naj zgine, a ona nč.
103	-1	@savicdomen @toplovodar debili so potem tud tisti, ki so priznali chemtrale: nemška, amero in skandinavska vlada ter Monsanto. Kaj ni jasn?
104	-1	Končno po več kot enem letu spet nad 70kg! huhu, tnx coach za najjači jedilnik-7obrokov na dan :D MUSCLE UP #gettinStronger #Ripped #Body
105	-1	@luka_vee Ja, saj zato se je pa treba boriti proti davčnim oazam. Sej počas boš zaštekal. :) @kricac @anejmehadzic @pengovsky @petrasovdat
106	-1	"Robben miri fante. ""Tko bom zasimuliru, da bo sodnik dal penal, skloftal unga, k me ja kao spotaknu, in plesal z delegatom. #yolo"
107	-1	Takih papku ne rabmo. Za Slovenijo bi mogu igrat s srcem, ne pa, da ga mormo še prosit. Adijo! #kzs #eurobasket 2013 http://t.co/5Wtyxr6yZe
108	-1	@AlenkaJerajSDS saj rudarji tud stavkajo v Velenju... sam ne zarat takih neumnosti. Veste, oni nimajo za jest, vi si pa majce tiskate.
109	-1	@megafotr Zgledata zgledno sturdy. Če shendlata občutljivo elektroniko, se ju sam drži. Za na Ibico pa thule in thinktank. Pomoje.
110	-1	@petrasovdat @indijanec Meni sta pa oba tko kjut v tem dialogu, da vama bom zdaj kar tkole na daljavo rekla: jaz mam pa vaju oba rada! Eto!
111	-1	Jp, @PlanetTV skozi celo oddajo kaže #NovZacetek, folk pa vseeno tvita #Kmetija. Res mi ni jasno, zakaj je folk tolk blesav :)
112	-1	@Nelly_Fox men jih je blo najhuš dat notr prvič, sm rabla par ur. Pol sm bla pa sam vesela, da spet vidm :D kwa pa ne gre?
113	-1	Tudi Abenomics, ne le Križanomics, oz Damijanomics, so –hvala nasvetom Krugmana– dizaster http://t.co/oUIckIGMbM... @DA_Stockman @Amarena555
114	-1	Zdej sam čakam, da bo kej čez mene reku, sam js ne bom tok prjazna pa za njimi pospravlala, zato da bo moj vsaj mal počivu lahko.
115	-1	A veš tisto, ko začneš na TW pisat hashtag in to sproži drop-down meni s predlaganimi hashtagi? Kje človek izklopi to bedarijo?
116	-1	Kdo je že pametoval, da se bo umaknila? MT @AP: BREAKING: Ex-Ukrainian PM Tymoshenko announces she will run in May 25 presidential elections
117	-1	"Dans začenjava s kolegom za gasilce koledarje nosit. Pejte na bankomat, majku vam, da ne bo pol ""joj, čist smo brez gotovine"" :D"
118	-1	ABOP ali After je boljš od partija :) Treba jih bo kdaj na kak žur povabit, sound je zehr gut. (@ Bi-ko-fe) [pic]: http://t.co/h3ZBpzyjR0
119	-1	"@Pika_So Z ""neo"" in ""post"" predponami tud jako pameten zgledaš, še posebej, če z očali. Predstava na rtvslo zagotovljena. @MladiMisleci"
120	-1	Sam cakat na mojo muti je pa najhujs, ne. Cez pet minut pridem! Grem lohk kr na kavo in jo v miru spijem, pa je se ne bo. #tipicnozensko
121	-1	@opica Super za vas. Js sm hotla samo izkušnjo delit. So mi bila cenejša mleka dosti boljša. Ampak vsak ma svoje. :) @SillyInnerVoice
122	-1	@lucijausaj @SamoGlavan @AntonTomazic @Maya7thAngel Jest sm vedu pred Juncem, da Cerar ni telefoniral. Ta stori je zmenjen že prej.
123	-1	Temle Boharju pa gre z novo frizuro še bolš ko prej. Ka bi blo šele, če bi se na balin postrigu... #mismomaribor #ChampionsLeague
124	-1	@PeterFilec :D bova, ja. Boš pa lahko vsak cajt obrnu pedala. Jst komi čakam, da se vsedem nanj. Dost zime in zimskih oblačil. Fuj!
125	-1	@asocialec @KibibiC jaz nalimam na rob monitorja pri desktopu, na laptop ali pa dam v denarnico za offline stvari. Deluje.
126	-1	Precej nazaj sm se odloču, da v predalu vedno more bit čokolada. Zdej sm se odloču, da more bit tud sladoled vedno v zmrzovalniku.
127	-1	@MeeyaMee @lencicalenca @lenci53 @maticslapsak Hiter pozabiš, drgač neb blo treh. To ni samo film, je kar reality show, imenovan Življenje :)
128	-1	@SvobodaInOdgnst @assiski Tole si odlično povzel. Zato so v Britaniji sharia courts- a judicial system within a judicial system.
129	-1	San Antonio Spurs so prodal vse Slovence, zdej pa so dobil porcijo od enga... Nice job @RealGoranDragic, u made us SLO bbal fans very proud!
130	-1	@marko_alpner @Avodovnik se opravičujem za DMje. Očitno mi je nekdo shekal twitter account. Sem že menjal password in revokal appe. Hvala!
131	-1	@GoDavid7 David, zdj ti bom moral malo kontrirati... Bode in Herman sta dvakrat zapored pojedla atlete in NFLovce na'Int Ath.Chalenge..
132	-1	@DanielKalan kok je zdej rezultat? Na TV povejo eno cifro, na TW vsak drugac napiše... pestro :))) @RTV_Slovenija #junaki
133	-1	@lilayRose Pa zna? In ima pravo obutev? In ne tehta več kot 100 kg? Drugač si bo več škode kot koristi nardila. Boljš hitra hoja za začetek.
134	-1	@ovtsa Ne obupaj. 3/4 tega je poza. Pol ti pa čez 5 let prbije, da a si lohk predstavljam, da en sošolc sploh ni vedu, kaj je pieta. D. :)
135	-1	@kvadratek ne, nč tazga. Očitno smo se pred leti poznal, pol pa zbrišem folk, če se en let ne vidmo. Kaj mi bojo? We ain'tfriends.
136	-1	Astrology Test: http://t.co/FA2Tu1hsEQ Ni tisti clip, k sm ga mislu, je pa na isto foro. Pa še o horoskopu je! @RagnarBelial @leaathenatabako
137	-1	@marinmedak :D Kako si me pa nasel? Par h pred tem sm napolno debatitala na busu z neznano gospo in dan je bil popoln. Malenkosti so tiste.
138	-1	@MladenPrajdic Prazno letovišče s fake morjem. Wow. Še minibar in daljinca od vodne pojstle pofotkaj, pol si pa vzami odmor. :D
139	-1	Cinamo dans s pivci v @IrishPubSlo :) sokrivci so sledeci: @brodul, @iElectric, @jskrablin ter @kosoblejka :) http://t.co/qz7j0Wi67j
140	-1	@bosstjanz krompir je tud pr nas kr neki. Ostalo pa zaenkrat uspeva :) ozimnica bo dobra v drugi zelenjavi letos, na zalost.
141	-1	Top shit campaign. In simpl ko pasulj. Lačen? Anyone? #joške &amp; #MartialArts combined #sof2014 http://t.co/8Agyczmhq2
142	-1	@mirandazaksek @JJansaSDS ma boli me, če je izvoljen. Ven iz čuze ne more. Če si zdravnik, tud ne more, pa če si pilot, tud ne moreš. Zakaj on?
143	-1	"Pr nas je ful zakon, če si nardiš kavo in potem aparat zastoka, da rabi kak ""servis"". Za mano je blo dans treba napolnit kavo in vodo ;)"
144	-1	"Epic: ""Lejga, Rašota; je podpredsednik @kzs_si sam zato, da bi ukradu dnar. "" @MAvanzo- Apparatus http://t.co/oX35on8N74 via @apparatus_si"
145	-1	Hopkins win shows mastery of craft http://t.co/t98G789i5v Še je čas za poklicno spremembo tudi za nas z malo nižjim emšom. :)
146	-1	Moja nova majca (zlo fensi) se plete. Tnx, Vesna, za pletenje, tnx, Maša, za idejo in tnx, niti-niti, za... http://t.co/c3HwAqrPaN
147	-1	Včerej ni blo cajta pisat :-) #Bajaga je biu #top, kljub temu, da par komadov še nikol nism slišala. Kr ni nehov igrat :-) #backhome
148	-1	@jureflux A si vedu, da je to na Islandiji? So si lovci na puffine postavl kočo za med lovsko sezono. http://t.co/MHVtc1cUF4
149	-1	@7inki In bohnedej, da jim kej rečeš glede tega, ker potem takoj izpadeš kot ta hujši snob. Kokr da sem js kriva, da berejo zanič knjige.
150	-1	@itsTheEpicMe dostkrat me tud 10 minut pred koncem in je potem neizbežna vsaj ena ura več. Sam glede na to, da se da tud prej it, je kul.
151	-1	@FrancoJuri1 sj ne vem, pod kaj ti spadaš! kaj so oni tud fašisti? Oni, ko sexajo z več ljudmi? Saj pa ti si expert v tem! kajne?
152	-1	@Jure_Bajic hehe, al pa če bi mi po kitajsk napisal :) A to je kot navaden računalnik, sam, da je manjši? Nekaj med pc in notesnikom?
153	-1	@Cvetlicarna Kak FB profil mate to? A ne bi raj naredili en page, kjer lahko lajkaš to stran, ne pa, vas morm dodat za frenda (kar ne dela)?
154	-1	#SCOENG kamorkoli prešaltaš @itvfootball + @SkyFootball pa še @Sport_Klub_Slo! Uboga Messi &amp; @Cristiano na Ol'Traffordu, bo kdo gledu njiju?
155	-1	@matevzluzar Sploh pa ne vem, kako ste šele v 2015 ugotovil’, da rokomet tut šport, in v športu je dnar. Na žalost že predolgo.
156	-1	@AljosaKocen Kolk k*rčev uptime? SO resne tevaže z delovanjem mailov, (web) dostopom do njih, ipd... Al je bolj problem online Office?
157	-1	@Centrifuzija @robertklinc To je reku tud moj foter, pa moj dedek, pa moja pra-babica. Pa verjetn bodo tud moji otroc rekl to svojim...
158	-1	@karinska_ ok; eni nimajo mere. Pa kaj naredi montaža. Sej ne, da sm gledala, samo prikažejo ponavadi vse v drugi luči, kot je res blo..
159	-1	@larapotocar Omg, kok sm vedla, da se bos oglasila. Poznam te kot lastni zep... Drugace pa mas jutri po matematiki dober razlog.
160	-1	@rgrilec Imaš vse zadnje update?... nažalost BT in WIFI uporabljata podoben frekvenčni razpon in se to zna zgoditi... probaj updajtati OS!
161	-1	Mislim, da sm čisto napačen človek za to nalogo. Sm kr vprašal šefa, če prej ves pir v hladilniku spijem oz. če lahk vzamem dopust.
162	-1	@KarmelinaHu @pengovsky @SeVednoZiv @RisIzpodRoznika @roznikmedo Ja. Najbolje, vsaj tečt ne bo treba... na dolge proge sem bolj švoh.
163	-1	Medtem, ko vsi brenčite o stricih, MK in BP jaz razmišljam le o #Gaza. In razmišljam, kdaj je Twitter postal just another social network.
164	-1	@maticslapsak Sem mislu, da je tole z YT bolj šala, pa vidm, da je res. Pa čeprav sam z biciklom. http://t.co/8C8icce9XZ O.o
165	-1	@misasajovic Js pa totalno vesela, ker sem bla skos na 94/95 in sem že imela na to-do brisanje mejlov s priponkami. Upam, da ni kaka pomota.
166	-1	@AndrejaValic @MilanZver @kizidor @petra_jansa @mladinaVSO Res je. Problem je v tem, da se je za nekatere preteklost začela cca leta 1989.
167	-1	Kar res sovražm, je to, k je ob pol petih zuni že črno in je moje telo prepričano, da je čas za spanje. Učbeniki na mizi se valda ne strinjajo.
168	-1	@E_nk_a Ma, me ne skrbi. Ce sm križni zlom kljucnice prezvel, pol bom tud en zob. Sicer pa, na 3000m+ tud slucajno ne bom mislu nanj. ;) Tnx.
169	-1	@barjanski Ma ne. Sej ponavadi pojem 3 kose in je preveč. Dans sm bla pa res ful lačna. Bom kosmiče jedla, ko pridem domov.
170	-1	@TineTincek76 @ReporterMilan Tak je! Če pa keri ne sme tam manjkat, je pa to naš Bojči. Samo zaj (cont) http://t.co/MUkK3sLo
171	-1	Who's lucky bustard? Najdu zadnji frej stol @pancfestival #panc (at @LjubljanskiGrad / Ljubljana Castle) [pic]: http://t.co/ZMSEiPKwWk
172	-1	Taklele nekak bi bl zdajle tam nejnk ob Idrijci: http://t.co/wcU2LbAMy2 (če nam ne bi šef Kurnka zjutraj izklopil štroma) :D
173	-1	@free__JJ ne morš nekomu rečt, da je zanič, če on verjame vase, če ne dojema realnosti, tud če mu narišeš, ne. To je bolezen.
174	-1	Kok me pa razpizdi folk, k mi parkira zravn, da tud v avto ne mores normalno... Kako taki iz avta vn pridejo? Na drugi strani?
175	-1	Apartmaji so sicer bl tko, in če ne vzameš unga za vsaj 6 oseb, se še jst sam komi obrnem okol. Razgled pa kr je: http://t.co/gxLWoxEh
176	-1	"Še ostrostrelcev je manjkalo ""@guardian: Snipers stalk protesters in Ukraine as Kiev hotel becomes makeshift morgue http://t.co/AgSN3Fzlcj"""
177	-1	@MarijoZlatic @chuppacadabra Nope, je ful enih pluginov pa sem vzel enga, k je mel priblžn vredu oceno :). Pa je delu... Vsaj upam :))
178	-1	@had dobr si zapisal. Teli Miln-neki so bli pa res za ameriško najstniško nadaljevanko. Brezjajčni. Lohk pa kakšno pivce v soboto....
179	-1	O meine liebe gott. #Nemščino se bomo učili na šihtu. Jst sem že vse pozabla oz. že v šoli pojma nism mela! Če je bla pa smotana tršica!
180	-1	@MiranStajerc Misliš črevoškrgarja? :D Ne, ne, govnač je en hrošček, ki rola kroglice iz... no, drugace se mu reče tud drekobrbec.
181	-1	V Polzeli ne vejo, a ma'strateški partner' mrd al tisoč mrd prometa- pol je tud vsen, a dobijo 500k al 50e pomoči; ker njim ni pomoči.
182	-1	To je mačka, ne pa izgovori za predatorje, ki jih hranite doma :P RT @History_Pics A Parisian woman and her cheetah. http://t.co/ysq1JKJ66u
183	-1	"Pravjo, da gre osel samo 1xna led. Jst sem šel s fotičem ""plavat"" že drugič, spet ist napaka :) zdej mamo pa rižev narastek :) #fail #canon"
184	-1	"@petrasovdat ""Maybe yes, maybe no, maybe go home, "" so radi rekli Šerpe na odpravi na Annapurno, kadar smo jih vprašali, če bo vreme OK."
185	-1	To je uno, ko imaš nesplaniran dober večer in kaj bi še lahko blo... če ne bi naslednji dan imel obveznosti. Ah, next time... hope so ;)
186	-1	kaj je zdaj to za ena dohtarska? Moški del Perpetum Jazzile je odet v dohtarske obleke, kažejo srce pa aorte... a je že dohtarski štrajk?
187	-1	@PrimozP @PEroCaks pojma nimam. Toliko da lahko kolko tolko normalno oddajajo. Videl sem razmere na MARS in so zelo podhranjeni...
188	-1	"G: ""Od kdaj je nama tko kul hladno vreme? Pomojem zato, ker se lahk stiskava, brez da bi naju švic lepu en na druzga. "" 😆"
189	-1	Verjetn bi šolniki znali kaj rečt na tole :)- See the problem? http://t.co/hzfpKwvmLm http://t.co/HaUJoFm9CR via @avodovnik
190	-1	@rokcesnovar @rx170 @MitjaKravanja Ne vem. Mediji so kar ornk gonjo zagnali proti njemu, tako da pomoje se mu ne piše kaj dobrega.
191	-1	"Mal manj superg &amp; trenirk na rdeči preprogi, pa bi skor blo, no. :)http://t.co/QTUg6k8HqM #BledFF @BledFF Pa mogoč mal več ""znanih"" fac"
192	-1	@iztokgartner ma dva dedca cvekata na puno, vsi ostali smo pa htel dremat. Pol se pa zacneta ment o kinih pa o filmih...
193	-1	@tretjeoko o/ mel sem srečo. Če nebi blo nesreče zjutraj na Ac, bi imel avto tam, kjer je bilo meter vode. Sm se pa peljal do Ajdušne
194	-1	@strankaSDS @organizacijaSDM @MilanZver Patria je uspeh za slovensko sodstvo. Le tako naprej oz. končno so se prebudili.
195	-1	@TamaraZnidar @marinmedak pomoje res ne, je pač interni kriterij. Nina preverja zdejle pri šefici HR departmenta, da bo ziher.
196	-1	"http://t.co/IiMlVqfXQh Mislm, dafaq, kva folku ni jasn? Pustit kolege, ker ""moraš"" plezat naslednji dan? Takim samo šus v glavo!"
197	-1	@Mojcica83 @had @MajaGloria @anusmundi Narobe! Itak je bil le trick question. Valda potrpim do konca šihta, ker sem zgleden delavec :P
198	-1	@JJansaSDS @vladaRS dej ze enkrat tih bod, no, kaj si pa ti naredu? Po 1 letu si dobu brco od vecine Slovencev. Sprijazni se ze, da je konec.
199	-1	V slo cefurji, v srb, cro, bih dizelasi... nima veze z rasizmom, ampak turbo folk subkultura... za tem se pa krije nasilje, droge, itd.
200	-1	Menda bo leto 2014 za bike in bikice noro dobro in uspešno... :) tk prajijo, kar bo res, bomo pa še vidli... 54 days left #newyearcountdown
201	-1	Sm jim rekla, da ne pridem na reunion, dokler nimam od Carrie telekinetic ability, pa so prašal, kdo je Carrie. Bunch of fucking idiots.
202	-1	Zakaj so ljudje obsedeni s citati o tem, kako so vsi samo zavistni njihovemu uspehu? Mislm, a s tem si kao kej bolši od unih ta ljubosumnih?
203	-1	@MyBlueDragoness BTW, kaj pa skrivaš na compih? ;)... Jaz imam fuL boring lajf drgač @marko_alpner @ales_stiper @alessusnik @BostjanJerko
204	-1	OK, prvo kot prvo, wtf je Tim Kores? In drugo- noben Chris Isaak ni. Če druzga ne, gleda dost preveč neumno zanj. Pa še fuša. #ZnanObraz
205	-1	Nism pristas objavljanja fotk mrtvih zvali, ampak mam pa tud poln kufr folka, ki spusca macke vn in misl, da se jim nc ne bo zgodil.
206	-1	@PrinasalkaZlata @Libertarec @SoMe_Meli @petra_jansa Zlata, men se odpre le uradna stran RTV. Kaj moram nardit, oz za katero oddajo gre?
207	-1	Ja, kok fletn! Bolj prijaznega bitja se nisem srecal :) in vem, za tisto pest koruze bi vse nardil :P #jelenovgreben http://t.co/gp6gecJwYx
208	-1	@pu7r nobody cares, je po mojem se najbolj pravilen odgovor:) Oziroma, nihce se od njih ni tega zahteval. Tle bi blo treba gledat EK.
209	-1	@pengovsky Sej mislm, da je dost, da samo kakšen članek prebereš, pa ti bo vse jasno ;). Do Ajpesa sploh ni treba :) @anzet
210	-1	@dfiser3 jao, to so nardil možu, ko je bil v ZDA, in to pred startom dirke. Na srečo je šla ekipa dol kasneje in da sem bila pooblaščena.
211	-1	100m od bloka sm našla'pljeskavice in čevapi'. Se že počutim bolj domače. Jutr grem vprašat Sulja, če ve za kak dobr šoping.
212	-1	Zanimivo bi blo prebrat knjigo od kakega strokovnjaka, ki bi primerjal pamelo in carmen! Verjetno jih je kr nekej s kompetenco! Lol
213	-1	*sigh* Lajf je tolk težek, če si mačka. Sam morš sklatit plašč na svoj WC, če hočeš ležat na njem. #šapte http://t.co/iG6rZS2nCM
214	-1	@peruzzi007 @micoo113 A dej dej, rotim te :) za PL bo tut izgovor, da si dost igral, a? :D Bom isto jz reku, če NBA slučajn zmagaš..
215	-1	@Praprotnik Kolega, čisti Ljubljančan, je to za joke zinu v lokalu v centru LJ. Konec na urgenci, so se LJ idioti med seboj sfajtal :D
216	-1	haha.. strinjam! RT “@Ninjastajlin: Jnaez ne pusti več pokanja na Bledu. Jst sm z njim! Go Jnaez! http://t.co/uMuIeBA2JI”
217	-1	@MMilena Bla letos prvič in sm totalno vzhičena. Tok top, da grem jutr še enkrat. Res, tko dobr grmi, da bog nima nč, k se krega. ;D
218	-1	@lucijausaj @Katjusa12 @Brane49S @ErikaPlaninsec Ja. Pa za strankin kongres ne in še za marskikaj ne... Naj koklja brcne PS.
219	-1	Super je blo, ogromno folka. Uverstitve pa Lucjan 13, Česn okol 20 in jst 4. Dns tudi pridemo. Bo pa verjetno več Slovencu dns kot Italjanu.
220	-1	V Rusiji meteorski dež, v Portorožu sm pa najdu neko kapsulo z zelenim možicem notr. Je reku, da išče Jurčka, ker mu je dolžn par milijončkov.
221	-1	A veš tist, ko pošinfaš glavnega negativca filma The Call, potem pa se ti ta oglasi na Tvitterju. No, tist :) http://t.co/40wVoEclB6
222	-1	... ko smo lih pr tem. Še Alejandra Gonzales Inarrituja dodat. Amores Perros, 21 grams, Babel, Biutiful. Ne vem pa, kaj zadnje čase mečka.
223	-1	Lih sva srecala 3m starega francoskega buldoga. Mislm, da sva se spet zapalila:) dobr, da greva na dopust, da se mal pomiriva:)
224	-1	Kva so eni zabavni! Nekateri so že 3 dan brez štroma in naj spremljajo dogajanje na tw?! Pa s čim naj nafila telefon ali tablico? #wtf?
225	-1	@petrasovdat Kle so itak offshore vampirji. Pazi to, od tega folku dnar dajejo. Aja, pa državljanstvo brez davkov lahko kupiš :)
226	-1	Do podtankosti me izpraša, zakaj nism šla delat, za pol vasi me vpraša, če tud niso mogl it, in zdej mi ne verjame, da je bil plaz.
227	-1	Bemti, ko ti spolzi 13 ur, brez da bi vedu, kako točno.... sej nevem, a delam kej prov a narobe :D Fak, i'm too old for this shit :))
228	-1	"Zimsko spanje: strah pred grožnjami s triplus-urno minutažo in ""rahločutno študijo"" so bli neutemeljeni. Šibne mim kot drama. #Liffe2014"
229	-1	. @BorisDroid @tretjeoko @FejstMozakar Niste :) Ne škodi pa, če se držite under promise &amp; over deliver načela :) Kaj točno je vzajemno?
230	-1	@SLO_Super_Visor Ti pa tud padeš na vse poceni fore in populistični politični PR. Besede nič ne stanejo. Dejanja štejejo. ;)
231	-1	O, tole pa še za kako torbico ne bi blo švoh. =) Air Strap, naramnica za fotkiče. http://t.co/QdO6wKb9ZZ (@frizzzby pokazal) #kickstarter
232	-1	@MadSquidd hahaha... ta drugi del tvita mi je mau smešen. ;) Smisel življenje pri teh letih je imet se skrajno bombastično. :D
233	-1	@megafotr Heh, daleč od tega. Rodi se iz vsegliharstva in zanikovanja hudih problemov oz. po domače pometanja pod preprogo.
234	-1	@MatevzNovak To drzi, je pa plodna retorika 70let kasnej ocitno na kontra strani. Mal pogledat twite Vasketa o pistolah in puskah...
235	-1	@MrDee25 @Pivotiranje @Penkalis @tjablonsky @zballe sem opazil, ja! Zanimivo poslusanje! Respect vam vsem za to pododdajo!
236	-1	Najprej me prehiti, k da bi mel vsaj porša pa bi si to loh prvošču, pol mu pa avto zakuha, da smo vsi na cest bli v dimu. Well done. 👏👏
237	-1	Beda, dans me ne bo na SvP :( Sele zdj prsli iz HURA (nazaj sli cez Sentvid), sledi vecerja/tusiranje &amp; zgodi spat (zjutri zobar) @skeptiksi
238	-1	Vsi gostje pred @TarcaRTVSLO bodo dons spil en kozarc tega. Pa bodo mehurčki prhajal iz ust namest neumnosti in laži. http://t.co/6XZbbgm8O0
239	-1	@FejstMozakar @MitjaBlazic @leaathenatabako kokr je sram priznat take reči, je prepovedan jok moških. Cankrajanstvo in Slovenceljni.
240	-1	@KajzerFranc ampak hočem ti reč, da to zanjo takrat ni bil stejtment. To je bilo nekaj povsem običajnega. Kot bi zapeli kolko kaplc...
241	-1	Zakvaj. Cela Vahtnca v loki je frej, pa se 2 gobcne mtke naparkirata lih zravn mene. Ceb bla to visoska kronika, bi ze grmado testiral. FML.
242	-1	@aljosa_zvirc To si se pa fajn odlocu! Js sem se med Ibro pa Cavanijem za urugvajca odlocu, no, je se cel polčas;) #fantasy
243	-1	@bosstjanz @Chuppacadabra @edvardkadic Pri nas je kitekat za zajtr, vmes pa fotr ledvičke in podobne scene futra. Pa ptiči, miši etc. :)
244	-1	Star cepc + mlada žena = viagra(cialis) overdose. Vela tudi za vodjata. Pol se pa vam lahk zgodi še Bavčaritate ali Popović. Jaja, lahk kadite
245	-1	@petrasovdat kaj čmo. Od govna, ki je pri korit, člouk ne more druzga prčakvat :-( Da o tem, da je tud desnica ena curabura, ne bi govrl.
246	-1	@lajnar_EU jedro nemoči obsodbe tranizcijskih tatov je v tem, da ne rabijo dokazat, od kje jim premoženje... denimo Zoki, GGM, itd. itd.
247	-1	So mi rekl, da beu kruh ni zdrav... sem ga vrgu u pečico in zažgal... zej pa jest vm povem... beu kruh je zih bol zdrau k ta črn.
248	-1	Premocena desna tacka ze cel dan, guzva na troli, guzva na cesti, dez pada... Bi se lahk rekl, da je en mal tecn dan dans.
249	-1	wauuu @Simobil kaj pa se je kle zgodilo? @uporabnastran nov clanek bo treba... Zlo zeleno je danes. http://t.co/hLwKkuPLMi
250	-1	@CrtSeusek @BojanPozar @IgorZavrsnik @PlanetSiolnet @JJansaSDS... dokler pa to počnejo kvazi žurnalisti, pa je en sam red hiring ;)
251	-1	@leaathenatabako hahaha, saj če je, se itak ob reali razsuje :) npr, moj načrt tega tedna je bil danes ob 11:00 storpediran 300% :)
252	-1	@leiuca če ni v kilah problem, predlagam tek/sprehod v naravi namest fintessa :) po možnosti izven LJ, kjer je mal boljši zrak
253	-1	@Awesome_Klara men pa Gedeon ni zgledu policaj. bl en plačanc al pa diler, pa sm se ga tut navadla pol. Mi ga je blo žou-do naslednga dela :)
254	-1	draga republjik, vračam ti 3 nekoriščne dni lanskega dopusta. jih nism rabil, ju3 jim pa tko poteče rok... thx vseeno! lp, ž
255	-1	@stoka87 pr teh tamicenih nikol ne veš, jst sm mela na šihtu enkrat enga otroka, ko mi v 2 mescih ni ratal zvedet, a je fantek al punčka
256	-1	@urosgruber pri meni naloži CSS..kar pa ne pomeni, da stran zgleda lepo:) še posebej v chrome-u na winsih je katastrofa, zarad fontov..
257	-1	@freeeky paaa niti ne, so kr tam tam najbrž. ni glih najbolj pameten :) pa mislim, da imam razlog, da tud naslednji ne bo :)
258	-1	@luciiaskos neki časa se ti ne bo treba sekirat, ker jih več al mn ne boš vidla po diskačih, ker med faxom hodš vn med tednom:D
259	-1	@aljagostecnik hahahaha, sej se mi je zdelo, premal si na štajerskem!!! pol pa ti men o manjkajočih j-jih in i-jih v besedah. fffffff :D
260	-1	@leaathenatabako jst tut nism gledala. sem mu povedala, da me moja notranjost niti slučajno ne zanima, da nej mi on sam na konc reče ok, pa bo!
261	-1	@laurajerman drgač je ena, k me je prosila, da smo skupi na busu, tud 14 pa gre s starejšo sestro in ona upa, da ne bodo sami mali tam xD pa tud
262	-1	sošolka iz osnovne šole je mahnjena na črnske otroke o.Oin prau, da bi raj kšnga iz tm posvojila, k da bi pa svojga mela #mindfuck
263	-1	@MihaLobnik dej no.. ni treba zdej 2 mesca pa se naprej jokat za enim hipsterskim kaficem... sej bo pa kak drug.. oz se boste na drzga navadl..
264	-1	Mah, ne grem se vec!! Dost mam..tega tangica na SLO politicnem parketu..polnih lun, pajkov v avtu, primitivcov in komada:happy day: 😈😈😈
265	-1	ufff, čist preveč najedu... zdej se mi pa nč ne da... dobr, da mam še čas, da mi ni treba it takoj v trebnje.. #kosilo #cantmove
266	-1	@AlesLednik @DC43 sem ga ze jaz par dni nazaj to spraseval, en javascript je gor, ki je kao zloben (ni). sam rec, da bi vseen gledla stran:)
267	-1	V moji sobi je nekje ena muha ujeta v pajkovo mrezo in ze cel dan brenci!!! Grozovito me spravlja ob zivce, da je ne morm najdt pa fentat, grr
268	-1	@buneech haha, pejt namest mene, tele matematicne/fizikalne kontrolne so obup in groza 😭 a pol si su naprej kej v povezavi s tem? @NejkoWejko
269	-1	@Katjusa12 na petrolu majo sprej zza smolo na avtu, naspricas, mal pustis in obrises.. sam poglej, ce ni opozorilo gor, da kaj razbarva
270	-1	"@jutranjisvit mela sm jih ""skrite"" v prazni skatlci od cigumijev, haha :p sej sm nasla v smeteh pol, ful dobr res, haha, jao👏👍"
271	-1	@JsSmRenton @russhie uradni list, http://t.co/fjnBj1fdDn itd. saj sem ti dal vse podatke:P also, v vecini evrope zoofilija ni bla prekrsek:)
272	-1	@stanka_d tip nikakor ne sodi v odbore, kaj sele v parlament... ta je bolj za debate pr'Kovac... tam je bolj po njegovem stilu...
273	-1	@LazarjevPolzek neee, oni suhi, ko bi lahk meli 3xdebelejso roko, pa bi se vedno blo placa za 3 ljudi, glede na to, kolk na siroko hodijo
274	-1	preveč slab dan danes !!! najbolše, če bi kar izginila iz zemlje !! potem pa vse jaz kriva !!! marš u pizdu matr !!! — feeling broken
275	-1	@VlastaKamposJ @toplovodar psevdoinetelektualni falirani modelček, ki se hvali, da je star 39 let in da je še vendo na žepnini pr mami.
276	-1	@Nika__B dans sem z znanstveno analizo pršla do zakljulčka, da so nizozemci že v 16. stoletju velik bolš zgledal in se oblačl kot vsi ostali
277	-1	pizda, da majo jajca it s takimi izjavami ven, je pa tud čist fakin brezobrazno. no shame, no shame at all. edinstvena ideja, my ass. #pristop
278	-1	če bo plo tko naprej..se bo čez kakih 10 let govorilo in bralo v knjigah... da so komunisti zaslužni za osamosvojitev in da je bil JJ proti.
279	-1	takle mamo... ze dolg casa nisem bil tolk zlomlen, kot sem danes... ajde, falil so do 13h, ampak pol se je pa zacel #FB http://t.co/pnGkF3N46T
280	-1	@SBeauty101 oooo, waaaw :D Resno? :D Ful redko sodelujem, ker vem, da so šanse res majhne, ampak tvoj mi je bil pa tolko všeč, da sem mogla :D
281	-1	@UPalhartinger @Miran7777 una baba?? a ma VEST???? dej se mal vpraši, k se ti bliža zadnja ura... saj kej doberga še nared.. gnoj!!!
282	-1	@mihamale @rtvslo dej se zresn, na vstajah je bilo vsaj 100xveč ljudi ko na vašem pogrebu. Aja, hvala za sveče, grem dans na britof zastojn
283	-1	@UPalhartinger padla v nikotinsko krizo.. čika se mi je zluštalo.. grem enga zakurit :)@Ingvarr11 @iCinober @IAComenius @indijanec @MiroCerar
284	-1	drgač pa ivan ni nestrpen do srbov, bosancev in hrvatov. ma enga prjatla, k ma prjatla, k ma prjatla, k ma vodovodarja iz prijedora #truestory
285	-1	@bejbimejbi @nejcsimsic lej.. res da je vasa strategija ze zazgala enkrat, ampak takrat ni blo nas, k mi smo pa ze tko on fire! #jackdaniels
286	-1	učer ful enga pisanja glede fuzbala, dons pa nikjer nč.. sm že mislu, da ni tekme, k noben realovc nč ne piše (glede na rezultat) xD
287	-1	@opica v firencah jej v il santo bevitore; karte za uffici rez vnaprej; santa maria novella kozmetika; over the top večerja pri il latini
288	-1	@blazritmanic @sunbrain @silver_kiwi @had @SebastjanPirih @tonciklaric pa mamica nej vam pulovercek spakir #milkdrinkers #vtoreksamnaenga
289	-1	@krtmen @ZanMahnic logika.. rab lepo obleko.. treba mu det.. koko bo pa drugač drug let osvoju in pelu vinsko kraljico na Kitajsko?
290	-1	@savicdomen iz mojih 12+ let izkušenj ti lahko povem, da je bla ločitev ful bolj simpl. Pa kup ljudi zgrešeno verjame, da je ob poroki neb blo.
291	-1	Vidla dva najstnika, ki se lupckata, pojma nimam, kdo je bil tip, kdo bejbika, loh sta bla pa tut oba tipa ali pa obe bejbi #confusingtimes
292	-1	"@multikultivator Kr zanimiv, ceprov mi pa zdj ni bilo *toook* dobr oz pri enih sem pogresala ""žmohtnost"" pri tekstu, d bi blo bolj zanimiv:)"
293	-1	@novax81 dilerje ni kr tko za zanemarit, js sm ga tam vidu, nato pa ugotovu, da je od sovascana, ki se mu ga ni dalo privat prodajat #zadovoljen
294	-1	@nejcd si še na iOS6? Lahko preveriš, če komu zavrneš klic (2xpower button), ti kaže pol obvestilo missed call? na 7 so to očitno ukinli. :(
295	-1	@ninnchy Ninaaa!! ;) En'manjši' izpad bil tm pri tebi na Ghorenskm... Modem zgubu konekšn... zdej dela, tko da sam ruter resetiri
296	-1	@iNinaromsek @majchxx @helenabastardi sm pogledala lih kar.. ni je... :S bom še v drugo, za vsak slučaj... nkol ne veš :) #findingnemo
297	-1	@tomazmajer123 @BlogSlovenija @SamoGlavan če ne bi blo partizanov, bi Hitler šetal po Ljubljani vse do svoje naravne smrti #častnapartizanska
298	-1	@matjasec Lepa slika jugo vzhodnega grebena Lubnika... enumalu motjo žice.. pa Alfi je tud faca, kwa mu manjka, če pleza po štangi...
299	-1	@Nelly_Fox tudi jaz.. zato pa prvo v glavi porihtat, da je šejk namest obroka.. in ker je sladek, boš sčasoma zgubla sugar rush @mojcamars
300	-1	@MladenPrajdic Fail je pa predvsem nezmožnost online plačevanja in to, da ne morš na vseh bankomatih keša dvignt :) @tibonalta
301	-1	@gromska_strela ja, men so napisal, da bojo tut ostale različice. slišu sm, da par evrov več kot 16gb verzija, (na mesc)... @TelekomSlo
302	-1	"@urssa_m srsly get a life :s hahaha. Plus, maš na torrentih Godarjev Goodbye to Language, mogoče ti bo ta ""odprl oči"", pa srečno."
303	-1	@luka_vee @amrevlje @ursicdomen.. sicer mlajši od Levaniča...a tud on je bil pr 27ihprvič poslanc..pa glej, kak potencial..
304	-1	@barjanski @Jure_Bajic @KrNatas pr softverju smo temu, k smo se mel multitasking, rekli deadlock in polsmo rabli watchdog() za razresit
305	-1	@AnaJurc lets google him and get it over with :) ne res, v intervjujih je zoprn, liki so zoprni, pa še rasistične pripombe ma #bleh
306	-1	@_pikl zdi da mi, da je blo to za nakup nerabljenih :D na internetih opazam, da so mnenja deljena (5-10let ali kar celo zivlj.dobo pnevmatike)
307	-1	#Spurs oktobra v berlinu in istanbulu, prostovljnih prispekov se ne branim, lahko tut kej malga na lotu zadanem, da bi lahko sla :P #iwish
308	-1	@Airbeletrina s prvo videoreportažo z @24LIFFe! Posebni dopisnik @jousche skor poskrbi, da vam ni treba bit tm! http://t.co/OCQ0QA0RP5
309	-1	@Libertarec sramota, da rkc omenja v vojski!!!!! Vce pa bi se pritozil poveljniku, pa se bi nic naredilo.... Zal jih je politika nastavila...
310	-1	@NinaGray_ #SleepyHollow je leeeejm:D #AlmostHuman bom počekeru! #AmHorrorStory pa itak skus že gledam. #BreakingBad je pa must!!!
311	-1	@Rok_Novak Ja. Jst bi proporcionalni sistem + preferenčni glas + vsaj 10 ali še bolje 15% (da se znebimo tamalih izsiljevalskih zgag) @zzTurk
312	-1	@MisaVugrinec @OtmarK jaz ne razumem ljudi, da ne tozijo obcine oz drzave za odskodnino oz za prestavitev hise na nepoplavno obmocje
313	-1	@KarinBossman seriously? nimam na feedu... :/ pa glih sm se nate spomnla, k gledam serijo, ki ti je všeč. no, predvsem zasedba. :)
314	-1	@tretji plus, ne izgublaš časa z iskanjem prevodov strokovnih terminov, in če je dobr narjena, jo lah v tujino pošleš kot dokaz, da si sposobn
315	-1	@UlaVovk ma, onmu tipu se je tud usralo. Ko mu je par profesorjev pustilo met višjo oceno, da je lahko bil pravdober. :/ @Shamshnita
316	-1	@rokhodej ja, umiram od smeha. Pa letos sm bla reeees prjazna do vseh, tk da ne vem, kdo me tok ne mara, da bi to naredu :/
317	-1	@Vidrih aja, nism sploh vedu niti črke o tem ;)) ja, želim ti čim več dobrih ocen.. drgač pa, ja, lohk se zmenva.. poklič al pa sms posl, k mas cs
318	-1	@SimonLiffe aja, letos sm pa res pogrešu kako dobro animiranko. Lani ste zadel z #AloisNebel &amp;Arrugas. Letos pa bi lahko Miyazakijev #WindRises
319	-1	@ambrofuzbal @ursicdomen no no.. ne pozabit, da je bil on eden izmed cenejsih okrepitev.. cenejsi od Markovica (npr) pa ni kriv, ce ne dobi zog
320	-1	@n_e_j_k_o finale ne vem, ce skupaj. sem danes sla na obisk, pa je pol tak naneslo, da sva skupaj. ;-) hehe.. finale razmislam, da bomi z druzbo
321	-1	@R0k_B isto sm jst raznišlu, ko sm začeu gledat te finalne oddaje. in za pesm bi mogu vse pesmi, k so zadneih 5 let nazaj zmagale, zmešat sku
322	-1	.@TomazAmbrozic @Kauro1 @lavkeri @MartinPavcnik ta zgodba bim morala ostati v „garderobi“, tako pa mece slabo luc ba kosarkko
323	-1	@krtmen @lucijausaj @Maxatnes @bobovnik UDBAnajbolj dejavna pri prislušk.in zbiranju inf.1988-90., za kasnejše diskreditac.po potrebi. #oblast
324	-1	.@regionalobala evo, ena slikca za vas.. iz zraka :).. proti Dubrovniku ;)) #beautifulnature #croatia #travel #sea http://t.co/rXSvlvzNpv
325	-1	@anderzey Čak, še kako leto boja proti homofobiji, pa se bojo športniki počas upal razkrit, kot so danes javno razkrili junake @FranjoSantalab
326	-1	@stanka_d bi pa luka loh dal eno okol uses tankotu, k je reku, da bo skoda, ce bo luka lahko dokoncal, kar ima za povedat @zdruzenalevica
327	-1	@Mat3ja @Jure_Bajic uff, pa smo tam.. ktere službe še imajo dedka mraza.. al pa darila za otroke? zelooo redko kje to prakticirajo..
328	-1	@UrskaSoncek dons sm meu test pa sm se začeu učit učeri okol 9ihxD pa se mi zdi, d mi je šlo kr uredu :P @LazarjevPolzek
329	-1	@_seeke ja kdo pa? pizda rdeča je dala poškodovanega rooneyja špilat.. mar bi čičo igral... slabš neb moglo bit kot zdej... runo ni mogu brcnt
330	-1	@illegall_blonde sicer sam 4mega piksli... Ampak dela boljs kot moja trenutna Xperia z s 16 megapiksli... It's magic i guess...
331	-1	@Nika_Dzej @MarraTina @DJoannes @jasmiiniiii @SLOposum @AnkaSlovanka ja, ce bote organiziral v'otrokuprijaznim' uram, pa tud jz pridem :)
332	-1	@degako83 not even close.. ampak vseen dobr vedet :).. zdej bom ene dva tedna na zlo low budget, tko da se ne branim marelic :)
333	-1	@cikibucka to pa drži, da une AFž niso nič nardile. Je pa bilo manj finančne škode @Flajschman @JiriKocica @MatevzNovak @ZorcJoze @strankaSDS
334	-1	@IgorEtv @petra_jansa @TvslV @vinkovasle1 rubber spines. Jih vsaj križ ne bo bolu. Od zdaj bo naTV serija:Štefica Cvek in MC u raljama života.
335	-1	@lenci53 grem pa spat, drgac se bom vzgala od pametovanja :) objemcek vsem, zivljenjeje prelepo, da bi ga kisali :) @TjasaSeme @MisaHrovat
336	-1	@MeowNever vsaj mesto ne bo mrtvo, kot je bilo na naše ponedeljke :P haha, zlobirite interrail pa pridte :) mam dost blazin za po tleh :D
337	-1	@GeneByGene eh, čist je razštelana :S eno ranco ma pod brado (se vid tle), pa dans je mela kri v kakcu :\ (baje nič takega) Still, I worry.
338	-1	nazadnje, ko sta igrala tottenham in inter, sem bil v londonu... končalo se je slabo za inter... očitno @GarethBale11 ne ve, da me ni tam :)
339	-1	hej @petrasovdat spanirali so na nama #sivkameet :) prideš kaj do Nazorjeve- blizu je BS- zihr so kaj ušpičl :) al jaz do @finance_si?
340	-1	Jutri pa sluzba, juhhuuu!! Sej vem, da je cudn. Samo po takem casu doma, mi res sede it delat, res uzivam :) pa se kup idej sm dobila :D
341	-1	jao, nekdo mi je poslal virus in zdaj vsem kar nekaj posilja kot personal message.... sorry vsem, upam, da ga se kdo drug ne stakne #virus
342	-1	@TjasaSeme kako to mislis? 😱 To je ja najboljsa stvar na svetu👌 Jst obozujem kostanj in ga lah na tone pojem. Na tooooneee🙈
343	-1	@daresi @MuriMursic @Tusarka čakaj... čakaj... jaz sem te drugače vprašala... a smo že skupaj kofetkali ??? pa lej, da boš iskren zdejle...
344	-1	@monika_brancelj Sej bo sneg, no... zdej.. neee, čaki.. zdej.. no, zdej pa res.. jutri enkrat... ampak pojutrišnjem pa zihr.. no.. verjetno!
345	-1	@iztokgartner Razumem, ampak point rapa na začetku je bil predvsem v tem, kakšno zgodbo boš povedal btw, ma Kendrick tud bangerja...
346	-1	@barjanski ja, sam ne preveč snega. Tko v izi, pol pa lepo sonček pa, ja tm, do ene -3. Marca al pa kr konc februarja je pa lahk že pomlad :-)
347	-1	@russhie pod celim marofom imam deske, ampak ne, nujno je treba najprej nad avtom nardit novga:) saj mam pravi azil drgac, vsaj 20 gnezd:P
348	-1	@tomltoml @tiara61540889 @JozeBizjak to so 43 tud rekl krscanskim socilistom, pa se je pol izcimilo tole, če stvar ni za skup, pol pač ni
349	-1	@SvobodaBlog čist razumem ^^ ampak to pomeni, da ko bo narejen, pa zvemo? ^^ kam ga boš pa dala? ^^ sorry, excited for you :$ ^^
350	-1	@raaarghhh v pondelek popoudnevi san priseu nazaj, nejsan se sicer v lj, bom kmalu, ampak ostajan do 5. julij, tak ka lejko naslednji teden
351	-1	tist, k ti en blenda ob 6:25 na obvoznci pa misleš, da je spet en idiot, k misle, da ga bom naprej spustu, pol te pa @DKaslc prehiti po desni \o
352	-1	@EffeV moj fotr(ma okol 195) prav, da nima veze, ker v postli se vse poravna. Da mere od glave do pete so sekundarnega pomena... ;)
353	-1	@iamAnej long story short: Eva je mela z mano prvi band, med drugim sva tud hodila 3 leta, z Burjo sem pa tud igral neki casa. @NinaStankovic
354	-1	@JozeJos @ErikaPlaninsec hahhahha, YES!!! in tud PS so masovno volil, zdej pa pluvajo po AB.... nič men ni jasen... bedake težko razumem
355	-1	10 najdražjih #hamburger'jevna svetu... najboljaša #kvaliteta in #cena pa sta seveda v #grilbox'uhttp://t.co/tfFZgissZj
356	-1	@iztokgartner ob 2.00 zjutri zdi se mi, da E že fura red karpet, nori so, 2 ure pred šovom aja, pa končno tvoja julia je nominirana :)
357	-1	@JiriKocica @krtmen pol so bli pa tko razumni.. da so sprejeli vse svoje pogoje v pogajanjih :) (čestitke LOL) tok dobr pa še ne
358	-1	@Avodovnik @Chateebox jp. Sej se tut nemci motijo.. :) Zato se je nujno treba nove besede učit s členi.. Drugač nasrkaš kasnej:)
359	-1	@iDejan83 serij mi neki ni za gledat pa tut na tekočem sm :) za brat sm pa glih zdaj dobva nek pomembn dokument, tk da bo to na dnevnem redu
360	-1	@strelovod no, na koncu bomo prisli do istega zakljucka as usual:politika je impitentna zarad medijskega diskurza, kjer je osn posl.model 1/2
361	-1	@Skalar3 in to praviš ti...strokovnjak za tw...ki nagovarjaš vse prej napisane... :-))... čao, bimbo... uživaj... @SpelaNovak @SebastjanErlah
362	-1	@PureDestiny cist odstekano, KOL so bli vceraj zvecer pa do 1 gnes ponoci, bli so reeeedno carski, biu san cist v prvi vrsti gor 2/3
363	-1	@GobaFunk narediš jo za butce :D sicr js sm enkrat za hec megapolis začeu igrat in sm pol čist not padu, dokler nism blokiru:) zdj sm normaln
364	-1	@EvaKobe24ur sori, mal sem bedno tvitnil... Ipak si ti na deževnem terenu, jst pa v topli sobi. Vseeno pa ne bi bilo slabo napisat, kje to je...
365	-1	@ErikaPlaninsec po #soocenje nisem nasel odg., kaj bom obkrozil... eni bedaki, drugi glumci, enih pa sploh ni, tako da nevem, a se sodelujejo. 🙈🙈🙈
366	-1	zakaj ni nikjer po tv.junč pametnga? eni smo ob petkih doma, just sayin.. 200 kanalov, pa nikjer nč pametnga, ne morš, da vrjamš -.-
367	-1	@LazarjevPolzek uff, slab dan :/ od 13.00 do 14.30 imam čas za kosilo, pol sm pa konc šele ob 17.30... Kdaj boš v Lj? :)
368	-1	"@petracj neki sm vidu sproti, drugač pa ne vem, kaj dogaja in kaj je to.. :) razen komada, pa da je ""snovalec"" le tega otvoril zadevo.."
369	-1	@Glinsk10 ahahah... nisem videl cez vikend, sm bil v tujini.. :-D.. lepa... ni za kaj, vedno pripravljen pomagat!! :-D.. pozdrav v SFK!
370	-1	@Lale__ ja, ma js bom ubrau uno pot, k je važnu sam, da si krščm, in če prepričš kardinale volilce, te izvolijo in.. tu j tu... no, krstt se morm
371	-1	@petrasovdat zdej čakamo samo še na pošiljko novih vezalk za čevlje (varnost) in pilce za nohte (higiena, izgled)-cca 578.000€.... :)
372	-1	@simpleplanslo upam, da bom :D aaah, jes sm mev z mate porpavca zarad enga samga suta cist zadn dan pouka pred pocitncam :D
373	-1	@NuckinFutsSlo majo le manj davka kokr pa pr nas :D drgac pa tudi mene čudi, da ni rekel za nič popusta :P ok, tisto so škoti
374	-1	"@PetraSlanic poznam komb.proja+kneipp+franck za ""belo kavo"". sem rad pil, ko sem bil mali:) za muckefuck, pa sem slišal 3 dni nazaj :D"
375	-1	@miskasmetiska @KarmelinaHu @lazgor @Nosferatu @Jure_Bajic @barjanski kaj si sploh začela, se sprašujem. Barjanskmu pa reč, neka smršavi !!!
376	-1	@UrskaSoncek ja, usaj neki :) sj dons je ze ful dobr u primerjavi z uceri... Mozno, d sm sam misico nategnu pa mau preobremeniu kolen...
377	-1	@bolfenk1 sem tud jaz že pomislil večkrat, če imajo konz.stranke nesrečo oz. ne znajo zbrat PR ali so podtaknjenci @petra_jansa @strankaSDS
378	-1	#FrankLampard zabil svoj 175 #BPL gol in spet rešuje kamelarje #LEIMCI, ajoooj, jajca.. Zdej pa dost #SuperFrank ;) #timeout plese.
379	-1	@napacaps jst sm se že zdavni odločla, da bo prej! se je pa tut že zdavni okol obrnu, in prehiteva po rasti.. tko, da držim pesti! @itsTheEpicMe
380	-1	matr je težko dobit eno baterijo za polarjev števc, nimajo na madžarskem, nimajo u avstriji, upam, da bo kaj več sreče u sloveniji
381	-1	@SuperIvica Ja, mislm, katastrofa, ej :/ Dej, ji boš jutr eno prmazala pa jih bo takoj nazaj vrnila :D A ona misl, da je z Bihaća, al kaj?
382	-1	@DarjaBenina predvidevam, da si mi sms poslala :D nekaj mi fon steka in mi pol stvari ne dostavlja.. Nevem, kaj narobe zadne dni :/
383	-1	@UrskaTurk jz smm kao 3h delala za faks, ampak nism uspela nekih predmetov normalno povecat in sm obupala, sem racunala, da bom vse naredila
384	-1	@TankoJoze je za #koalicijo neresen kandidat, politična provokacija, in zato ne more izbirati namest.preds.#KPK. Bil pa je edini kandidat !!!??
385	-1	@Dezh0 šifrer, car ;) ja, fajn se mejte, bro.. mi je bad, ampak jebiga. Family first.. boš še videl :) kako slikco bi pa lahk dobil, prosim..
386	-1	"""Hhhhh, zakaj je pa tolk penisov v tem filmu. "" Ob to, da je vsaj 4xtolk jošk, se ni obregnu. #soriobjektiviziranmoški #sorinotsori"
387	-1	v merkatorju naročim sendvič s poli kok dam not? tko v izi, po občutku na rampo uleti kamion, biip biip, in mi začne kipat rezine v žemljo lp
388	-1	@multikultivator @petraslanic uu, zdej še ne bo megleno, ampak jack the ripper walk v megli je fenomenalen, ker majo super vodiče :)
389	-1	@spirit_healing Ok, nej ti bo:)... drzi pesti zdele, lastnik spet na liniji... pol pa lohk gres spat, pa imas mirno noc itd;)))
390	-1	@MyBlueDragoness np.. spiranje le, če je še izcedek, drugač pa pač previjanje, tako da ni navzven rana brezveze odprta..
391	-1	@ADokolenka @jagoda879 @superwolke @Tomo999 @Endonas @Urskitka @GobaFunk tjah.. khm (si popravlja glas), sej..vse lepo&amp;prav, ampak nevem ce
392	-1	@_enardecapesa_ @piksika hah, ja, sej vem, da so cevlji res specificna stvar za kupit 😊 lah pa mal RT nardis moje prodajne objave, hehe
393	-1	@surfon saj jih. prej ni bilo vse za en qrc in zdaj se vse ne sveti. drugače bi zdj v ex komunističnem bloku imeli 100%zaposlenost+plače 5000$
394	-1	@Ana_Plesko Vse živo... trust me !! :) Preden pa jaz grem na Švedsko, pa tebe verjetno čaka kofi pri Slamiču, hehe :) Kaj pravš? ;)
395	-1	@MiranStajerc Hihi, ze sam tist v skretu je bla prigoda:petke, velik skret, odpirajoca se vrata, ne ves, al bi vrata drzal @MorskaMania @lenci53
396	-1	@badabumbadabum verjetno sta prepričana, da si Kučan in da napoveduješ bigbang. The rest is history @prenovitelj @drVinkoGorenak
397	-1	ati: sej je jutr petek, boš pršla k seb ati, al mi je vseenče je petek, ker mam tak krasn viknd pred sabo, da mi petek ne pomen dost #gimnazija
398	-1	sovražim to, k sm skor za celo sezono v zaostanku z neko serijo in pol vidm na twitterju nek tak spoiler, ki mi vse razjasne, in je gledat bv:(
399	-1	@japlov86 @MaticCot midva sva saj probala, ne pa tko k eni pussyji, k kao vozjo, v resnic si pa od daleč opazoval nanje elegantne gibe!
400	-1	@enej_p ja, za 2. pa 3. del... možn, da pridem domov šele ob 20:03, tko da upam, da ne bo prepozn... drugač me boš ti prjavu :D te pokličem
401	-1	@Hribar13 neeeeeeeeeeeeee... z imbus ključem se zajeb ***... sej bo, sej bo... diham zravn in kolnem... mal pomaga :)
402	-1	drgac pa cist solidna app, ampak bolj za tekace po moje, ker mas super vadbe na voljo. pozna kdo kako fajno kolesarsko? #adidasmicoach
403	-1	@ambrofuzbal @Zabartma @kruhinvino @masta_84 @barcastuff @ChampionsLeague dobr, neki je lastništvo, neki pa sponzor na dresih #premal#dajejo
404	-1	@spirulinka9 @tretjeoko pri ex sem si že jaz tud marsikaj lahko predstavljala.. ma je šlo mimo, tko da so šle tud predstave :D #prestara
405	-1	@leaathenatabako hm, nana mi je bliže v svoji jazz fazi. zelo lep glas. od grških srceparalic pa maš tle kotsirasa:) https://t.co/JxnXMmUISy
406	-1	No fino, pa sm tut jz oblezala v pojstli.... Moj edini cilj trenutno je, pa se pozdravm do 7.4. Wuuuhuu, upam, da mi rata ;)
407	-1	#zooljubljana vec kot ocitno sta risa hotela ujet avion za #sochi. nista mogla zravn zarad massijeve prtljage #slochi #odviskaneboliglava
408	-1	@MaEnTgAeL če pridem do kavice, bo #nipanike, drugač bo #panika :D bom si mogu kr doma skuhat očitno.. še eno :d sam js bi se družu :D
409	-1	@ziberdaj @E_nk_a toliko bo dobila delavka v Mercatorju. 38 let dela na blagajni, v pokoj sep 14, penzija cca 450€ #pravica???
410	-1	@SBaksuz @kurcevski tko kot je blo na v zalogu na hokej tekmi jesenic, ko sm @Rosso76s delal zadrego, ker nism bil true fan s kurčevim šalom
411	-1	@tretjeoko ja sej, in s tem so sli frajerji tud v pozabo.. v nasi generaciji ni blo vec takih tipov :) oziroma v manjsini :D @PeterSvetina
412	-1	@matjaz_jansa ce pa je @Zares v tem primeru macka... kaj je potem sds? reporter..politiks....itd... skoda besed in tipkanja...
413	-1	@TinKampl lol no.. rock otocec je umru 5 let nazaj, ce nisi porajtu.. lent so kao rešli. festivali niso primerljivi z enim kaficem.. @MihaLobnik
414	-1	@Petrasa1 @NovaSlovenija @MladaSlovenija @strankaSDS Saj bo pol tud blatenje, ko ti bodo otroka posiljeval s homo sranjem, pa boš moral bitTIH
415	-1	@SillyInnerVoice jp, šis je še najbolj ziher... js sem se zarad tega 1xzastonj v portorož peljala. mal na plažo pa tko. kaj pa 400 km :)
416	-1	Dejansko še v prostem času folku govorim:''A mogoče mate spar + kartico?'' al pa''A bo to vse?'' in pa seveda:''Pin, prosim!'' :)
417	-1	@ursicdomen vem, sam tole je pa že preveč. skoz izsiljuje, sam na konc mu, na žalost, kr zmer rata neki. on pa res zna na živc stopt:)
418	-1	@KungFuCij amm... eno ej na dunaju, eno linz, eno innsbruck. to so razpisval. jutr bom pa še pisu, k majo v gradcu pa še nek =) pa tujce, ja =)
419	-1	@vesnchek zarad mene tud, če skenslajo to klovnarijo. če se gre, nej se gre tko, kokr se spodobi, ne pa furat prestiž s kmečkim stilom @medeja
420	-1	@BokiNachbar iz tvoje nba kariere mi je najbolj ostalo v spominu to... Mailman has fallen ;))) http://t.co/aTnJP4kdmq @dilekayar
421	-1	@vanfranco men j mobi padel iz postlje na tla, se razstavil. ko sem ga sestavila nazaj, prizgala, sm uro lahko nastavila s pomocjo vasga tvita
422	-1	@lucijausaj @assiski naj si zdejle to oddajo pogleda... se bo z dekco čez glavo pokril...tko sram ga bo... #brezsramu še naprej pametuje...
423	-1	@heart_free pri moji ghetto mikrovalovki tm enih 20sek. mal sčekirej umes. je dost, da je topla, za čez šmorn glih kul. :) @UlaVovk
424	-1	pošlji fen5 na 1919, in doniraj 5€ za nakup fena za jana plestenjaka, revček ma mokre lase že od leta'94bod človk in stisn RT
425	-1	@jernejv a bi mogu naredit tist navig.drawer ali kej podobnega.. men so všeč tabi, ker so direct manip, pokažejo, kje si in kaj je še.
426	-1	@LTomazin ce bi vedla, kaj so prej dali, bi blo lazje, da bo vse ravno.. ja, bom se mal pogledala pa probala prodajalca vprasat =) tnx a lot
427	-1	"""ma kaj bom jst hodila na te vodene vadbe... tam stat v kopalkah pa skakat, kr neki."" noben mi ne bo verjel, da je tole ena znanka res ujavla."
428	-1	Obama ima ta bolš načrt..kako preprečiti ilegalno priseljevanje- iz Amerike naredit tak podn..da nihče ne bo hotel noter pridt..
429	-1	počas bom mogu začet na vstaje hodt.. ko bo demokratični socializem.. bodo začel dajat borčevske penzije.. če si bil na vstaji, ja..drgač pa ne
430	-1	@katarinacas se strinjam, mislim, da je to točno to... ampak tole nv dr uf dr hja bbc dr ftgvhj uf (cont) http://t.co/5wQZeWEdnW
431	-1	v planer sm si za 14. februar že splanirala forevr alone dan, ker že v naprej pričakujm, da bo tko ostal, haha. single girls feel free to join
432	-1	@Njokifestival jaz pa vse uradno do tilta, samo cca 5% (cca 1000€) bom dal recimo kar za en čeriti projekt, tolk da sem good guy. #mimajke
433	-1	@lara4850 @ErikaPlaninsec @tulipanka18 @Istefan1975 @free__JJ @TvslV passive aggressive personality slo =raj zanje(zato tolikosamomorov/preb
434	-1	@senca72 ja, meni je tudi ok...v resnici se najlazja... USA bi sicer hotu met notr, da jih pol cim kasnej dobimo...ampak kul je ;)
435	-1	@MatejRezek ne, sam ze ene 5 let nisem bil skupaj 14dni frej, pa clovk mal pozab, kolk je gadan filing, k prides nazaj na siht
436	-1	@Froggolina Uhh.. to je pa pol treba direkt povedat. Zlo jasno, ker nekaterim res nepotegne drgač. Upam, da čimprej opraviš s to nadlogo ;)
437	-1	@cikibucka @GLASTrebnje @slsanja @ToJeVojna tud ta stari že razmišljamo, pa naj komiji ostanejo v svoji severni koreji #pametenodneha
438	-1	Če ne veste, na katero proslavo bi šli, pridte k men. Pir mam pa kaj za narezat tud. Na konc lohk pa pokamo s karbidom, k ga mam za voluharje
439	-1	@Pal4e ja itk :D sm se ji takoj prikupila, k sm ji rekla, da sem ekonomski tehnik, pol sm pa med predavanjem ful sodelovala :D faj teta je
440	-1	@tamejhna uf, superca je blo. :-)) js se sicer bil tako zaspan, da sem skoraj skup padel, ampak je blo. pa še Majči je dobla veeelko- RD :)
441	-1	@AlanBStard2 @MajdaSirca @stanka_d @SoMe_Meli jaz sem posnel na RŠ in prinesel na golf v Kr-je folk čist znoru, danes malo nerodno, heh
442	-1	@PureDestiny hehe, jasej ombre naj nebi bija perfekten :) ne se bojati, resen je enostavno... Youtube pogledni par filmckov kak pa ide :)
443	-1	@mojcas men je biu pa Ecclestone najbol anti od vseh. komi sm pogledala kej.. upam, da ne bo isto s tem. @allina_ @CesenJeZakon
444	-1	@UlaVovk moja bejba je tut farbo dobla, k me je sonce, obupn zgleda o.O @n_e_j_k_o @EffeV ne da slikat, preveč jih je :D @ninnchy
445	-1	@BarbaraRamuta kaj pa vem; običajno nekej prazne glave okoli mene hodjo, hahaha :-p bom bom, pa drugače verjameš v smrkce?
446	-1	@SanjaModric kaj to pomeni za nase, ce zvecer zmagajo... je zmaga v podaljsku kaj manj vredna al morjo grki zmagat? /cc@zballe @tjablonsky
447	-1	@peter_pec tocno to! sam kaj, ko pa pol baterija zajebe situacijo.. :-( aja, btw, baterija za laptop je ze prisla! tnx again @LazarjevPolzek
448	-1	@StellarGirl_ pol je pa logično, da lahko ponočuješ ^^ iz česa si pa diplomirala? :) s službami je pa zdj itak tok slaba, da nč ne morš :/
449	-1	@moojca ce tekma o nicemr ne odloca in je vsen, kako igrajo, pol nej pa vrnejo kes za karte, ce je itak taka dzabe tekma... brez besed sm
450	-1	@Chuppacadabra vsega je na vsetu dovolj...samo je nepravično porazdeljeno... samo dopovej ti to bilderbergom npr...pa še komu...
451	-1	@petra_jansa Nej nej... u reflejktor je mal predolg puglejdu pa je zmotnu mislu, de mu je Bog roka ponudu... prej je bil pa kešn glaž...
452	-1	@xelnessify so mi iz twitter supporta pisal, da so mel neke probelme in da se opravicujejo.. haha, ok, sam da nisva mi2 bla kriva :D
453	-1	@stoka87 mislm, da bojo ze prebolel in prezivel it brwz tebe na kuhancka... mogoce bo kdo clo zastopu kdaj, kk je brez sihta
454	-1	@schoo666 pa poknat more full. Slovenci mamo radi, de #useka vsaj tak kot #karbid More #poknat, drgač ni to to ;D @darjapograjc
455	-1	@simon_kuzma Tistle si sigurn ti, sej si rekel, da delaš, kar ti je všeč, in, da uživaš............... hahahahahahahahahaha......
456	-1	Punce, k so ti usec, ti je kera usec kej vec, da bi meu kej z njo, al so ti use e... — bi meu kej več k sam prjaatlstvo http://t.co/FeSja4bmhS
457	-1	Mariborski SMC protestno zapustilo 41 članov.. ojoj... zgleda, da sem orenk mimo užgal... jst sm SMCju napovedal 1 leto življenja..
458	-1	@had Aaaaaaa..... Tole si pa ene stare spomine potegnu z moje glave.... To je bil cajt, ko sem njih in Public enemy poslušal na repeat :-D
459	-1	@BernieThePie zakaj http://t.co/x32KG2yTSb ni kle gor zadnje plate... dons zapeku za v avto in je top... in ja, Bil sem nor ;)
460	-1	@potrpljenje @KlaraZavrl @maja_dr jst itaq pridem pozn popoldne v PopUp.. tko d al se tm dobimo al pa nekje v centru kasnej..
461	-1	Tehtnica kaže 72kg. Se prav, da sm v mal več k enmu mescu zgubu skor 5 kil? Jst to sploh neporajtam, dokler na vago nestopim :)
462	-1	@davidkovic tko kot vsi športniki, ko neki zmagajo? sej se vsi isto veselijo.. :-) tud če bi slovenci bli zdaj na njihovem mestu. isti qac:-)
463	-1	@antares_91 hehe, sej tuki se kr velik mačkonov naokol sprehaja, ampak noben ni čist sam moj:). Sem si pa danes skor ovco domov pripeljala:P
464	-1	@Moj_ca ojej, a ga boš kej pelala k vetu? jst pa iščem ene brikete za mojga.. maš kako idejo? ne smejo vsebovat purana, piščanca, jajc, mleka, žit.
465	-1	@llisjak @luka_vee @KajzerFranc @rava__ reč raj 1,5 poslanca, je bl fensi. JJ je zbral tolk glasov kot ZL in Zab skupej... Zakaj vas skrbi des
466	-1	@zigathefox ja, boma vidla... 18.30, vseeno mislim, da so edini sposobni nadigrat bayerna, upam pa na čim manj konter bayerna :)#echteliebe
467	-1	@z8_LJ? to solze radosnice, da se sme brcat tud čez praznke+jim žene ne težijo, ker te lahko zapravlajo še kje drugje kot samo v špecarijah
468	-1	@robip44 @petra_jansa @JJansaSDS @BorutPahor bomo mu mi pisal... množično.. da ne bo predsednik sam drsu, da bo tud mal komuniciru
469	-1	Elton John res zaspilal dve uri in pol pa se mal cez.... hudo dobro.. nekaj minut podpisoval na robu odra... zato vsa ta leta all ovr the world
470	-1	@LollistickBlog hmmm... čudno :) no, meni od UD sploh ne pomaga oz. mi zdržijo senčke tam okrog 4-5 ur, brez da grejo v gubo
471	-1	@_Helenchy7 Haha, neki tacga xD ne da se mi ucit, pa si jih ze ceu dan nabijam :) jaa, men eden bolsih njihov! pa Tomov glas, awww
472	-1	@RosvitaP bebler pa menda ne... je vseen, ce kar putina poklicete... pa se bolj pogleden je.. a kakega objektivnega ne najdete?
473	-1	@petracj za urgenco #UKC in ZD zelo strinjam.. lah bi še mal fasado poštimal pa kak oddelk dogradil, drgač pa super, ja.. #domzale
474	-1	@Firbec hujš k čokolino bi bla nuttella :D tud kar se čiščenja tiče ;) @dejandular @MladenPrajdic @lilayRose @MihaMarkic
475	-1	@TejaJakos iscem po teh party otokih pac cist u izi kksno kelnarjenje al pa v hotelu kej. Iscen pa prek ene brit.agencije..
476	-1	@outisnix enih par takših cvetk je blo, ka san se resno zamislo, zakoj že neman vsaj enga magisterija iz anglistike, če majo takšni diplomo
477	-1	@andrejnovak točn to sm naredu... ni jim všeč moj XXX@siol.net naslov, ki ga imam že 10 let. Se je twitter sparu z googlom?
478	-1	@_pikl @pengovsky jao, kva ga niste v svojo ekipo za curling povabil @amrevlje @luka_vee bi bil kot prvi pred.in tekmovalec v sochiju
479	-1	"@bosstjanz ne vem, če upam povedat naglas, cepam od smeha ob ""podlanka"", ker sm mislila do zdaj, da se reče poddlaka :D @tiskraba @MisaVugrinec"
480	-1	@AnaJurc je pa tut zdj prišel pravi čas za #CateBlachett za gl žensko vlogo, i want revenge&amp;justice za Gwyneth incident, tudi ona zasluži več
481	-1	@BVoje @NadkaKu ahahahaha... ti se pa res spoznaš na rožice... aja, a #objemka...se ti zdi, LoL ?! :) lej, čez mesec dni bodo tud žlebi novi :)))
482	-1	"""Zdaj, ko maste taku lepo torbico, hreste pa lahku samu še na enu kufe, in ste si nardili dan. "" #carpisa #prodajalka #center_šiška #simpatico"
483	-1	@timotej_g jz sem tudi na unega prvo pomislu..ki je mel gor se pomfri.. XXX burger je bil. Drugič, ko prideš, moramo na McDavida :)
484	-1	"@AlexKreb Ahhh ne, ne in ne!!! A to si samoimenovana ""levica, "" ops, pardon, psevdolevica privošči, ko pa jim je socialni čut tako pri srcu???"
485	-1	@martinchaa haha, jaaa! Samo se to se mi manka! Mislim, da lahk doktorat cakamo se neki casa.. sam vseen.. a se nam ljubi :P? ;)
486	-1	@SpelaSpelca iiiiiii, odšpeham špeh :) js rabim kostim v torek za razgovor, tko da bova šli pa sam na kavico.. za to maš pa komot špeheka
487	-1	@EllaTheAngel_ sej je blo na tak prijeten nacin, kot svarilo, da mi ga lahko kdo ukrade &amp; da ga naj drugic raj njemu prpelem, ce morm v trg :)
488	-1	@simpleplanslo ah, jes cem zmago! hh :D jes jim recem, nej ne pozerajo, ampak se sam mebjo zmano pa mal nastavlajo, jes pa slikam :D puncke? :D
489	-1	@PetraHren p.s.pa sej veš, kako sva se midva spoznala, zarad tvojga alkohola in še nečesa nism mogu spat pr kim... dobr, da sm se spomnu zdej!
490	-1	@lenci53 je dobra in rešuje življenje poštenim ljudem, ki drgač ne bi imeli možnosti, mi je vseen, če tud kak opravičil napiše @leaathenatabako
491	-1	@zlatasredina @Katjusa12 @nmusar @dimnikarcek @DZnid @finance_si pri nas je zdaj ta :) http://t.co/agUSgpxYW3 čiv čiv, GG ni nič kriv
492	-1	čist sm zbegan... tolk hvale sem v naši rdeči propagandi prebral in slišal o Snowdenu...da sm dobu občutek..da naši levaki ljubijo žvižgače..
493	-1	@mobitel @Simobil Mobitel ali bi se dalo tale ruter http://t.co/7JYyKzN5BR uporabljat na simobil LTE ali pa odklent, da bi delal na simobilu
494	-1	hhhaha, kak jo je zdaj zjebal, to voditelco... če bi stranka dobla 24%, bi bil zadovoljen... pa tak je že vesela bla, da jih je toliko blo proti
495	-1	@StMatic aaa, vidš, pol si pa zmagal, če delaš popoldan. tele tube pa... direkt sonce je top, pa če je na vzhodu al pa zahodu! :)
